timestamp,machine_id,event
2026-01-10 19:00:00,M18,preventive
2026-01-11 17:00:00,M04,preventive
2026-01-14 10:00:00,M07,preventive
2026-01-15 19:00:00,M16,preventive
2026-01-16 11:00:00,M05,failure
2026-01-17 05:00:00,M09,failure
2026-01-18 00:00:00,M13,preventive
2026-01-18 03:00:00,M01,failure
2026-01-19 17:00:00,M17,failure
2026-01-20 03:00:00,M11,failure
2026-01-21 03:00:00,M12,failure
2026-01-23 07:00:00,M19,failure
2026-01-23 11:00:00,M02,failure
2026-01-25 22:00:00,M14,failure
2026-01-26 18:00:00,M06,failure
2026-02-01 14:00:00,M07,failure
2026-02-01 22:00:00,M08,failure
2026-02-03 09:00:00,M20,failure
2026-02-03 20:00:00,M03,failure
2026-02-06 09:00:00,M15,failure
2026-02-06 19:00:00,M06,preventive
2026-02-07 21:00:00,M10,failure
2026-02-09 02:00:00,M12,failure
2026-02-13 10:00:00,M08,preventive
2026-02-14 20:00:00,M01,preventive
2026-02-15 01:00:00,M13,failure
2026-02-15 21:00:00,M19,failure
2026-02-18 06:00:00,M18,failure
2026-02-18 08:00:00,M03,preventive
2026-02-18 18:00:00,M11,preventive
2026-02-18 21:00:00,M04,failure
2026-02-19 11:00:00,M07,preventive
2026-02-20 14:00:00,M02,failure
2026-02-21 19:00:00,M17,failure
2026-02-25 18:00:00,M10,preventive
2026-02-25 22:00:00,M16,failure
2026-02-27 02:00:00,M05,failure
2026-02-27 13:00:00,M15,failure
2026-02-28 09:00:00,M09,failure
2026-02-28 15:00:00,M14,failure
2026-02-28 20:00:00,M20,preventive
2026-03-03 11:00:00,M07,preventive
2026-03-03 15:00:00,M01,failure
2026-03-07 02:00:00,M13,failure
2026-03-14 10:00:00,M12,failure
2026-03-15 08:00:00,M19,preventive
2026-03-15 19:00:00,M15,preventive
2026-03-17 17:00:00,M02,preventive
2026-03-18 07:00:00,M06,failure
2026-03-19 05:00:00,M18,failure
2026-03-19 05:00:00,M07,failure
2026-03-20 01:00:00,M17,failure
2026-03-20 04:00:00,M08,failure
2026-03-20 05:00:00,M11,failure
2026-03-20 18:00:00,M14,failure
2026-03-22 19:00:00,M13,preventive
2026-03-26 00:00:00,M09,failure
2026-03-27 23:00:00,M03,failure
2026-03-28 23:00:00,M04,failure
2026-03-30 17:00:00,M15,failure
2026-04-01 16:00:00,M20,failure
2026-04-02 13:00:00,M19,preventive
2026-04-04 08:00:00,M06,failure
2026-04-05 10:00:00,M10,failure
2026-04-05 22:00:00,M05,failure
2026-04-07 05:00:00,M01,failure
2026-04-07 15:00:00,M18,failure
2026-04-08 21:00:00,M16,failure
2026-04-10 06:00:00,M11,preventive
2026-04-10 23:00:00,M08,failure
2026-04-17 09:00:00,M13,failure
2026-04-18 09:00:00,M02,failure
2026-04-19 00:00:00,M03,preventive
2026-04-19 06:00:00,M19,failure
2026-04-21 10:00:00,M20,preventive
2026-04-22 13:00:00,M07,failure
2026-04-23 05:00:00,M12,failure
2026-04-25 10:00:00,M01,preventive
2026-04-26 10:00:00,M14,failure
2026-04-26 11:00:00,M08,failure
2026-04-27 15:00:00,M17,failure
2026-04-27 17:00:00,M19,preventive
2026-04-28 09:00:00,M15,preventive
2026-04-28 13:00:00,M09,failure
2026-05-01 05:00:00,M11,failure
2026-05-02 16:00:00,M06,failure
2026-05-03 20:00:00,M05,failure
2026-05-04 11:00:00,M02,preventive
2026-05-07 08:00:00,M03,preventive
2026-05-08 05:00:00,M04,failure
2026-05-08 19:00:00,M16,failure
2026-05-11 14:00:00,M10,failure
2026-05-12 09:00:00,M05,preventive
2026-05-15 08:00:00,M09,failure
2026-05-15 15:00:00,M18,failure
2026-05-17 22:00:00,M08,preventive
2026-05-19 04:00:00,M20,preventive
2026-05-21 21:00:00,M17,preventive
2026-05-22 01:00:00,M07,failure
2026-05-22 08:00:00,M11,preventive
2026-05-24 01:00:00,M06,failure
2026-05-25 04:00:00,M12,failure
2026-05-26 13:00:00,M13,failure
2026-05-28 12:00:00,M19,failure
2026-05-30 05:00:00,M14,failure
2026-06-03 23:00:00,M20,preventive
2026-06-04 08:00:00,M08,failure
2026-06-05 00:00:00,M15,failure
2026-06-05 02:00:00,M03,preventive
2026-06-05 17:00:00,M01,failure
2026-06-09 07:00:00,M07,failure
2026-06-10 23:00:00,M02,failure
2026-06-12 02:00:00,M19,preventive
2026-06-14 18:00:00,M12,failure
2026-06-14 22:00:00,M18,failure
2026-06-15 02:00:00,M04,failure
2026-06-17 17:00:00,M09,failure
2026-06-18 14:00:00,M16,failure
2026-06-21 09:00:00,M10,failure
2026-06-22 02:00:00,M05,failure
2026-06-24 11:00:00,M08,failure
2026-06-25 02:00:00,M14,failure
2026-06-27 06:00:00,M11,failure
2026-06-29 11:00:00,M17,failure
